sample_id,file_name,content_type,proxy_descriptor,is_original_prompt,note
image_01,1.png,写实风景,写实风景 山谷 森林 河流 雾气 阳光 山体 清澈水面,False,由可视内容审计得到的代理描述，不是原始生成提示词
image_02,2.png,人物肖像,人物肖像 女性 室内 光影 油画风格 毛衣 藤椅,False,由可视内容审计得到的代理描述，不是原始生成提示词
image_03,3.png,艺术插画,艺术插画 狐狸 樱花 水彩 柔和天空 树枝 花瓣,False,由可视内容审计得到的代理描述，不是原始生成提示词
image_04,4.png,动态街景,街景 人群 奔跑 旗帜 逆光 运动模糊 城市道路,False,由可视内容审计得到的代理描述，不是原始生成提示词
image_05,5.jpg,写实风景,风景 溪流 树林 阳光 油画风格 草地 树冠,False,由可视内容审计得到的代理描述，不是原始生成提示词
image_06,6.jpg,人物插画,人物插画 少女 樱花 校服 动漫风格 春天 蓝天,False,由可视内容审计得到的代理描述，不是原始生成提示词
image_07,7.jpg,水墨插画,中国水墨 山水 亭台 竹子 梅花 小船 留白,False,由可视内容审计得到的代理描述，不是原始生成提示词
image_08,8.jpg,像素街景,像素艺术 城市街道 建筑 红白立面 小人物,False,由可视内容审计得到的代理描述，不是原始生成提示词
