sample_id,file_name,content_type,width,height,megapixels,aspect_ratio,file_size_mb,semantic_proxy_score,semantic_component_coverage,proxy_prompt_token_count,sharpness_raw,sharpness_score,noise_risk_score,noise_inverse_score,artifact_risk_score,artifact_inverse_score,edge_density,edge_continuity_score,shape_regularity_score,structure_integrity_score,brightness_mean,brightness_balance_score,contrast_score,color_richness_score,composition_proxy_score,nss_score,technical_quality_score,clipped_pixel_rate,blockiness_risk,oversmooth_risk,proxy_descriptor
image_01,1.png,写实风景,2730,1535,4.19055,1.778501628664495,5.232068061828613,0.8125,0.75,8,342.266584181325,0.7912989600099529,0.03885349631309509,0.9611465036869049,0.00036053412462908014,0.9996394658753709,0.0694238377843719,0.49167145341035606,0.7202642338450559,0.6364444894105183,0.3479204388976164,0.6685169362502666,0.9996753400025863,0.40022893356652883,0.7706189307165219,0.7465336514615699,0.8652992452753783,0.000801186943620178,0.0,0.0,写实风景 山谷 森林 河流 雾气 阳光 山体 清澈水面
image_02,2.png,人物肖像,1773,2364,4.191372,0.75,4.811139106750488,0.7625000000000001,0.75,7,70.21052665095326,0.5781267035756437,0.0,1.0,0.0,1.0,0.02685761957730812,0.2957041526239879,0.6036708305432523,0.4937385331061691,0.4811924832966186,0.925370160185805,0.9551677330002943,0.47226886258669226,0.7982624906825828,0.7988119037932596,0.8131288206946119,0.0,0.0,0.0,人物肖像 女性 室内 光影 油画风格 毛衣 藤椅
image_03,3.png,艺术插画,2048,2048,4.194304,1.0,4.21656608581543,0.625,0.5,7,88.86218193472028,0.6096561740092235,0.0,1.0,1.21875e-05,0.9999878125,0.024485416666666666,0.3618127249780237,0.5899652757879006,0.5259847533492832,0.7379240849673202,0.5808962628833586,0.7048566196249378,0.39976057686015537,0.7836719643356541,0.6459210637087963,0.7664973667930577,2.7083333333333332e-05,0.0,0.0,艺术插画 狐狸 樱花 水彩 柔和天空 树枝 花瓣
image_04,4.png,动态街景,1536,2730,4.19328,0.5626373626373626,5.360358238220215,0.7625000000000001,0.75,7,89.57715241442466,0.6107302324833376,0.0,1.0,0.0037011111111111107,0.9962988888888888,0.04369753086419753,0.5142281983239863,0.7319002313004146,0.6518404118016502,0.41913092229484383,0.8002637204625439,1.0,0.5558251678046006,0.7684654059312144,0.7807581737749014,0.8221494361006444,0.00822469135802469,0.0,0.0,街景 人群 奔跑 旗帜 逆光 运动模糊 城市道路
image_05,5.jpg,写实风景,2048,2048,4.194304,1.0,0.9911966323852539,0.9000000000000001,1.0,7,2737.852010492531,1.0,0.29792454838752747,0.7020754516124725,0.000612332297777757,0.9993876677022222,0.17366805555555556,0.5624107991327669,0.7197179902089541,0.6751494867410414,0.4010402777777778,0.7712274145299145,0.8027256688018838,0.5637450267014797,0.7711652345134967,0.7203776090453051,0.863372041151669,5.555555555555556e-06,0.0017423779936507344,0.0,风景 溪流 树林 阳光 油画风格 草地 树冠
image_06,6.jpg,人物插画,2048,2048,4.194304,1.0,0.4385261535644531,0.7625000000000001,0.75,7,1049.2836555144365,0.9428644301221399,0.1637658178806305,0.8362341821193695,0.03452858456172049,0.9654714154382795,0.0665111111111111,0.6216311647493257,0.7763431986997449,0.7196208125377945,0.7505356072984749,0.510072432545668,0.9653910211402297,0.39275957221497215,0.7688086084361152,0.6835574534164766,0.8673086957106344,0.06655694444444445,0.013079884462058544,0.0,人物插画 少女 樱花 校服 动漫风格 春天 蓝天
image_07,7.jpg,水墨插画,2048,2048,4.194304,1.0,0.5195827484130859,0.625,0.5,7,2088.995038790099,1.0,0.2900694012641907,0.7099305987358093,0.0598528125,0.9401471875,0.07656597222222222,0.6432629628346007,0.7888314264340304,0.7314661356142396,0.7520561574074074,0.4606337838319089,1.0,0.3432154223521863,0.7727827744055491,0.6748376272922841,0.8589750320725937,0.13300625,0.0,0.0,中国水墨 山水 亭台 竹子 梅花 小船 留白
image_08,8.jpg,像素街景,2048,2048,4.194304,1.0,0.284881591796875,0.525,0.5,5,418.2415763812325,0.8183970288440083,0.09067027270793915,0.9093297272920609,0.06321284128308297,0.936787158716917,0.04014513888888889,0.58847902628621,0.7578602541366448,0.6915396145059465,0.5587252478213507,0.8530438556854367,1.0,0.4891655681988055,0.7755261502534985,0.7736606299874433,0.859866639908685,0.10354930555555555,0.04747329652309418,0.0,像素艺术 城市街道 建筑 红白立面 小人物
